cg_100_lib2_2017_064	cg_100
cg_100_lib2_2017_066	cg_100
cg_100_lib2_2017_069	cg_100
cg_100_lib3_2018_110	cg_100
cg_100_lib3_2019_134	cg_100
cg_100_lib3_2020_169	cg_100
cg_100_lib3_2017_176	cg_100
cg_100_lib2_2018_217	cg_100
cg_100_lib2_2018_219	cg_100
cg_100_lib3_2018_220	cg_100
cg_100_lib4_2018_224	cg_100
cg_100_lib3_2018_230	cg_100
cg_100_lib3_2019_261	cg_100
cg_100_lib3_2018_262	cg_100
cg_100_lib3_2018_269	cg_100
cg_100_lib3_2019_279	cg_100
cg_100_lib3_2020_372	cg_100
pr_090_lib2_2017_113	pr_090
pr_090_lib2_2017_115	pr_090
pr_090_lib3_2019_121	pr_090
pr_090_lib3_2020_199	pr_090
pr_090_lib2_2018_232	pr_090
pr_090_lib2_2018_233	pr_090
pr_090_lib3_2018_276	pr_090
pr_090_lib3_2018_283	pr_090
pr_090_lib3_2018_288	pr_090
pr_090_lib3_2018_289	pr_090
pr_090_lib3_2018_297	pr_090
pr_090_lib3_2019_333	pr_090
pr_090_lib3_2019_351	pr_090
pr_090_lib3_2018_353	pr_090
pr_090_lib3_2020_405	pr_090
pr_090_lib3_2020_415	pr_090
pr_090_lib3_2019_416	pr_090
pr_090_lib3_2019_418	pr_090
pr_090_lib3_2019_424	pr_090
pr_090_lib3_2019_489	pr_090
pr_090_lib3_2019_494	pr_090
ss_020_lib2_2017_071	ss_020
ss_020_lib3_2017_144	ss_020
ss_020_lib3_2019_145	ss_020
ss_020_lib3_2017_180	ss_020
ss_020_lib3_2019_209	ss_020
ss_020_lib3_2018_239	ss_020
ss_020_lib3_2018_255	ss_020
ss_020_lib3_2018_266	ss_020
ss_020_lib3_2018_304	ss_020
ss_020_lib3_2019_307	ss_020
ss_020_lib3_2018_309	ss_020
ss_020_lib3_2018_312	ss_020
ss_020_lib3_2018_313	ss_020
ss_020_lib3_2018_314	ss_020
ss_020_lib3_2018_316	ss_020
ss_020_lib3_2018_317	ss_020
ss_020_lib3_2018_320	ss_020
ss_020_lib3_2019_321	ss_020
